{"cameraMode":{"drawMode":0,"name":"Shaded","section":"Shading Mode"},"sceneLighting":true,"audioPlay":false,"sceneViewState":{"m_AlwaysRefresh":false,"showFog":true,"showSkybox":true,"showFlares":true,"showImageEffects":true,"showParticleSystems":true,"showVisualEffectGraphs":true,"m_FxEnabled":true},"in2DMode":false,"pivot":{"x":-3.799999952316284,"y":9.220000267028809,"z":178.63999938964845},"rotation":{"x":-0.07521595060825348,"y":-0.11014249920845032,"z":0.009864166378974915,"w":-0.9913331866264343},"size":0.8660255670547485,"orthographic":false}